[
    {"p":"江西省",
    "c":[
        {"ct":"南昌市",
        "d":[
            {"dt":"西湖区"},
            {"dt":"东湖区"},
            {"dt":"高新区"}
        ]},
        {"ct":"赣州市",
        "d":[
            {"dt":"瑞金县"},
            {"dt":"南丰县"},
            {"dt":"全南县"}
        ]}
    ]},
    {"p":"北京",
    "c":[
        {"ct":"东城区"},
        {"ct":"西城区"}
    ]},
    {"p":"河北省",
    "c":[
        {"ct":"石家庄",
        "d":[
            {"dt":"长安区"},
            {"dt":"桥东区"},
            {"dt":"桥西区"}
        ]},
        {"ct":"唐山市",
        "d":[
            {"dt":"滦南县"},
            {"dt":"乐亭县"},
            {"dt":"迁西县"}
        ]}
    ]}
]