{"total":28,"rows":[
	{"productid":"FI-SW-01","productname":"Koi","unitcost":10.00,"status":"P","listprice":36.50,"attr1":"Large","itemid":"EST01"},
	{"productid":"K9-DL-01","productname":"Dalmation","unitcost":12.00,"status":"P","listprice":18.50,"attr1":"Spotted Adult Female","itemid":"EST02"},
	{"productid":"RP-SN-01","productname":"Rattlesnake","unitcost":12.00,"status":"P","listprice":38.50,"attr1":"Venomless","itemid":"EST03"},
	{"productid":"RP-SN-011","productname":"Rattlesnake2","unitcost":12.00,"status":"P","listprice":26.50,"attr1":"Rattleless","itemid":"EST04"},
	{"productid":"RP-LI-02","productname":"Iguana","unitcost":12.00,"status":"P","listprice":35.50,"attr1":"Green Adult","itemid":"EST05"},
	{"productid":"FL-DSH-01","productname":"Manx","unitcost":12.00,"status":"P","listprice":158.50,"attr1":"Tailless","itemid":"EST06"},
	{"productid":"FL-DSH-011","productname":"Manx2","unitcost":12.00,"status":"P","listprice":83.50,"attr1":"With tail","itemid":"EST07"},
	{"productid":"FL-DLH-02","productname":"Persian","unitcost":12.00,"status":"P","listprice":23.50,"attr1":"Adult Female","itemid":"EST08"},
	{"productid":"FL-DLH-021","productname":"Persian2","unitcost":12.00,"status":"P","listprice":89.50,"attr1":"Adult Male","itemid":"EST09"},
	{"productid":"AV-CB-01","productname":"Amazon Parrot","unitcost":92.00,"status":"P","listprice":63.50,"attr1":"Adult Male","itemid":"EST10"}
]}
