{"total":10,"rows":[
	{"tableid":"tableName1","tablename":"中国电信：自然人欠费信息表"},
	{"tableid":"tableName2","tablename":"公用集团：自然人欠费信息表"},
	{"tableid":"tableName3","tablename":"管道燃气公司：自然人欠费信息表"},
	{"tableid":"tableName4","tablename":"Rattlesnake2"},
	{"tableid":"tableName5","tablename":"Iguana"},
	{"tableid":"tableName6","tablename":"Manx"},
	{"tableid":"tableName7","tablename":"Manx2"},
	{"tableid":"tableName8","tablename":"Persian"},
	{"tableid":"tableName9","tablename":"Persian2"},
	{"tableid":"tableName10","tablename":"Amazon Parrot"}
]}
